{"position":{"x":295.361083984375,"y":88.23299407958985,"z":480.6203918457031},"score":0,"hours":["09:37:35"]}
